{"cameraMode":{"drawMode":0,"name":"Shaded","section":"Shading Mode"},"sceneLighting":true,"audioPlay":false,"sceneViewState":{"m_AlwaysRefresh":false,"showFog":true,"showSkybox":true,"showFlares":true,"showImageEffects":true,"showParticleSystems":true,"showVisualEffectGraphs":true,"m_FxEnabled":true},"in2DMode":false,"pivot":{"x":12.954676628112793,"y":25.206281661987306,"z":42.724578857421878},"rotation":{"x":-0.014287001453340054,"y":0.9386298060417175,"z":-0.34242385625839236,"w":-0.03915952146053314},"size":0.17320507764816285,"orthographic":false}